AMEALIA,1
andre,1
ANESIA,1
brian,1
chevaughn,1
Chevelle,1
christina,1
CHRISTOPHER,1
deniel,1
dennis,1
DEVAINE,1
DWAYNE,1
fabian,1
GILPIN,1
HUNTLEY,1
JASON,1
Javeine,1
JELESIA,1
jerdene,1
JESSICA,1
JHEANELLE,1
KAY-ANN,1
KAYMARIE,1
Kelia,1
KEVEISHA,1
KOMONE,1
MARK,1
MARLINE,1
monica,1
Moniesa,1
myriam,1
MYRON,1
NATALIE,1
nicola,1
NORDIA,1
Omari,1
ONIEL,1
PHILLIP,1
RANDOLPH,1
Reccreatedby,1
ROBERT,1
RODNEY,1
RYAN,1
Shamay,1
SHANDANE,1
SHANEEN,1
SHARIFA,1
Shashie Gaye,1
SHERICA,1
SIDONNIE,1
TOWANA,1
Tresha,1
USER,1
VENESA,1
VENNESA,1
