"Rec No","Ctryid","Ctryprincipal","Ctrycode","Ctryname"
2,0,0,"AD        ","Andorra                  "
3,0,0,"AE        ","United Arab Emirates     "
4,0,0,"AF        ","Afghanistan              "
5,0,0,"AG        ","Antigua                  "
7,0,0,"AI        ","Anguilla                 "
8,0,0,"AL        ","Albania                  "
9,0,0,"AM        ","Armenia                  "
10,0,0,"AN        ","Bonaire                  "
16,0,0,"AO        ","Angola                   "
17,0,0,"AR        ","Argentina                "
18,0,0,"AS        ","American Samoa           "
19,0,0,"AT        ","Austria                  "
20,0,0,"AU        ","Australia                "
21,0,0,"AW        ","Aruba                    "
22,0,0,"AZ        ","Azerbaijan               "
23,0,0,"BA        ","Bosnia-Herzegovina       "
24,0,0,"BB        ","Barbados                 "
25,0,0,"BD        ","Bangladesh               "
26,0,0,"BE        ","Belgium                  "
27,0,0,"BF        ","Burkina Faso             "
28,0,0,"BG        ","Bulgaria                 "
29,0,0,"BH        ","Bahrain                  "
30,0,0,"BI        ","Burundi                  "
31,0,0,"BJ        ","Benin                    "
32,0,0,"BM        ","Bermuda                  "
33,0,0,"BN        ","Brunei                   "
34,0,0,"BO        ","Bolivia                  "
35,0,0,"BR        ","Brazil                   "
36,0,0,"BS        ","Bahamas                  "
37,0,0,"BT        ","Bhutan                   "
38,0,0,"BW        ","Botswana                 "
39,0,0,"BY        ","Belarus                  "
40,0,0,"BZ        ","Belize                   "
41,0,0,"CA        ","Canada                   "
42,0,0,"CD        ","Congo, Dem. Rep. of      "
43,0,0,"CG        ","Congo                    "
44,0,0,"CH        ","Switzerland              "
45,0,0,"CI        ","Ivory Coast              "
46,0,0,"CK        ","Cook Islands             "
47,0,0,"CL        ","Chile                    "
48,0,0,"CM        ","Cameroon                 "
49,0,0,"CN        ","China,                   "
50,0,0,"CO        ","Colombia                 "
51,0,0,"CR        ","Costa Rica               "
52,0,0,"CS        ","Serbia and Montenegro    "
53,0,0,"CV        ","Cape Verde               "
54,0,0,"CY        ","Cyprus                   "
55,0,0,"CZ        ","Czech Republic           "
56,0,0,"DE        ","Germany                  "
57,0,0,"DJ        ","Djibouti                 "
58,0,0,"DK        ","Denmark                  "
59,0,0,"DM        ","Dominica                 "
60,0,0,"DO        ","Dominican Republic       "
61,0,0,"DZ        ","Algeria                  "
62,0,0,"EC        ","Ecuador                  "
63,0,0,"EE        ","Estonia                  "
64,0,0,"EG        ","Egypt                    "
65,0,0,"ER        ","Eritrea                  "
66,0,0,"ES        ","Spain                    "
67,0,0,"ET        ","Ethiopia                 "
68,0,0,"FI        ","Finland                  "
69,0,0,"FJ        ","Fiji                     "
70,0,0,"FM        ","Micronesia               "
71,0,0,"FO        ","Faeroe Islands           "
72,0,0,"FR        ","France                   "
73,0,0,"GA        ","Gabon                    "
74,0,0,"GB        ","Great Britain            "
75,0,0,"GD        ","Grenada                  "
76,0,0,"GE        ","Georgia, Republic of     "
77,0,0,"GF        ","French Guiana            "
78,0,0,"GH        ","Ghana                    "
79,0,0,"GI        ","Gibraltar                "
80,0,0,"GL        ","Greenland                "
81,0,0,"GM        ","Gambia                   "
82,0,0,"GN        ","Guinea                   "
83,0,0,"GP        ","Guadeloupe               "
85,0,0,"GR        ","Greece                   "
86,0,0,"GT        ","Guatemala                "
87,0,0,"GU        ","Guam                     "
88,0,0,"GY        ","Guyana                   "
89,0,0,"HK        ","Hong Kong                "
90,0,0,"HN        ","Honduras                 "
91,0,0,"HR        ","Croatia                  "
92,0,0,"HT        ","Haiti                    "
93,0,0,"HU        ","Hungary                  "
94,0,0,"ID        ","Indonesia                "
95,0,0,"IE        ","Ireland, Republic of     "
96,0,0,"IL        ","Israel                   "
97,0,0,"IN        ","India                    "
98,0,0,"IQ        ","Iraq                     "
99,0,0,"IS        ","Iceland                  "
100,0,0,"IT        ","Italy                    "
103,0,0,"JM        ","Jamaica                  "
104,0,0,"JO        ","Jordan                   "
105,0,0,"JP        ","Japan                    "
106,0,0,"KE        ","Kenya                    "
107,0,0,"KG        ","Kyrgyzstan               "
108,0,0,"KH        ","Cambodia                 "
109,0,0,"KN        ","St. Kitts and Nevis      "
110,0,0,"KR        ","Korea, South             "
111,0,0,"KW        ","Kuwait                   "
112,0,0,"KY        ","Cayman Islands           "
113,0,0,"KZ        ","Kazakhstan               "
114,0,0,"LA        ","Laos                     "
115,0,0,"LB        ","Lebanon                  "
116,0,0,"LC        ","St. Lucia                "
117,0,0,"LI        ","Liechtenstein            "
118,0,0,"LK        ","Sri Lanka                "
119,0,0,"LR        ","Liberia                  "
120,0,0,"LS        ","Lesotho                  "
121,0,0,"LT        ","Lithuania                "
122,0,0,"LU        ","Luxembourg               "
123,0,0,"LV        ","Latvia                   "
124,0,0,"LY        ","Libya                    "
125,0,0,"MA        ","Morocco                  "
126,0,0,"MC        ","Monaco                   "
127,0,0,"MD        ","Moldova                  "
128,0,0,"MG        ","Madagascar               "
129,0,0,"MH        ","Marshall Islands         "
130,0,0,"MK        ","Macedonia                "
131,0,0,"ML        ","Mali                     "
132,0,0,"MN        ","Mongolia                 "
133,0,0,"MO        ","Macau                    "
134,0,0,"MP        ","Saipan                   "
135,0,0,"MQ        ","Martinique               "
136,0,0,"MR        ","Mauritania               "
137,0,0,"MS        ","Montserrat               "
138,0,0,"MT        ","Malta                    "
139,0,0,"MU        ","Mauritius                "
140,0,0,"MV        ","Maldives, Republic of    "
141,0,0,"MW        ","Malawi                   "
142,0,0,"MX        ","Mexico                   "
143,0,0,"MY        ","Malaysia                 "
144,0,0,"MZ        ","Mozambique               "
145,0,0,"NA        ","Namibia                  "
146,0,0,"NC        ","New Caledonia            "
147,0,0,"NE        ","Niger                    "
148,0,0,"NG        ","Nigeria                  "
149,0,0,"NI        ","Nicaragua                "
150,0,0,"NL        ","Netherlands              "
151,0,0,"NO        ","Norway                   "
152,0,0,"NP        ","Nepal                    "
153,0,0,"NZ        ","New Zealand              "
154,0,0,"OM        ","Oman                     "
155,0,0,"PA        ","Panama                   "
156,0,0,"PE        ","Peru                     "
157,0,0,"PF        ","French Polynesia         "
158,0,0,"PG        ","Papua New Guinea         "
159,0,0,"PH        ","Philippines              "
160,0,0,"PK        ","Pakistan                 "
161,0,0,"PL        ","Poland                   "
162,0,0,"PS        ","Palestine                "
163,0,0,"PT        ","Portugal                 "
164,0,0,"PW        ","Palau                    "
165,0,0,"PY        ","Paraguay                 "
166,0,0,"QA        ","Qatar                    "
167,0,0,"RE        ","Reunion                  "
168,0,0,"RO        ","Romania                  "
169,0,0,"RU        ","Russia                   "
170,0,0,"RW        ","Rwanda                   "
171,0,0,"SA        ","Saudi Arabia             "
172,0,0,"SC        ","Seychelles               "
173,0,0,"SE        ","Sweden                   "
174,0,0,"SG        ","Singapore                "
175,0,0,"SI        ","Slovenia                 "
176,0,0,"SK        ","Slovak Republic          "
177,0,0,"SN        ","Senegal                  "
178,0,0,"SR        ","Suriname                 "
179,0,0,"SV        ","El Salvador              "
180,0,0,"SY        ","Syria                    "
181,0,0,"SZ        ","Swaziland                "
182,0,0,"TC        ","Turks and Caicos Islands "
183,0,0,"TD        ","Chad                     "
184,0,0,"TG        ","Togo                     "
185,0,0,"TH        ","Thailand                 "
186,0,0,"TL        ","East Timor               "
187,0,0,"TN        ","Tunisia                  "
188,0,0,"TO        ","Tonga                    "
189,0,0,"TR        ","Turkey                   "
190,0,0,"TT        ","Trinidad and Tobago      "
191,0,0,"TW        ","Taiwan,                  "
192,0,0,"TZ        ","Tanzania                 "
193,0,0,"UA        ","Ukraine                  "
194,0,0,"UG        ","Uganda                   "
195,0,0,"US        ","Puerto Rico              "
197,0,0,"UY        ","Uruguay                  "
198,0,0,"UZ        ","Uzbekistan               "
199,0,0,"VC        ","St. Vincent              "
200,0,0,"VE        ","Venezuela                "
201,0,0,"VG        ","British Virgin Islands   "
202,0,0,"VI        ","U.S. Virgin Islands      "
203,0,0,"VN        ","Vietnam                  "
204,0,0,"VU        ","Vanuatu                  "
205,0,0,"WF        ","Wallis & Futuna Islands  "
206,0,0,"WS        ","Samoa                    "
207,0,0,"YE        ","Yemen, The Republic of   "
208,0,0,"ZA        ","South African Republic   "
209,0,0,"ZM        ","Zambia                   "
210,0,0,"ZW        ","Zimbabwe                 "
