"Rec No","Orderid","Ordervgepointer","Orderbol","Createdby","Locked","Orderprinted","Ordercancelled","Orderdate","Cancelledby","Cancelleddate"
           3,            1,         1613,        20339,"LORNA",  0,  1,  0,20131227,,
          13,            2,         1497,        18806,"LORNA",  0,  1,  0,20140714,,
         194,            3,         2369,         3083,"LORNA",  0,  1,  0,20151201,,
         235,            4,         2380,         3186,"LORNA",  0,  1,  0,20151215,,
         252,            5,         2429,         4199,"LORNA",  0,  1,  0,20151216,,
         275,            6,         2436,         4336,"LORNA",  0,  1,  0,20151228,,
         277,            7,         2395,         3394,"LORNA",  0,  1,  0,20151228,,
         279,            8,         2422,         4254,"LORNA",  0,  1,  0,20151228,,
         344,            9,         2984,        11831,"LORNA",  0,  1,  0,20170126,,
         349,           10,         3016,        12237,"LORNA",  0,  1,  0,20170302,,
         380,           11,         3727,        22832,"LORNA",  0,  1,  0,20180807,,
