"Rec No","Vesid","Vescode","Vesname","Vesowner","Vesmaxgrt","Vesmaxnrt","Veslength","Vesmaxdraught","Vesmaxbeam","Vesoperator","Vesregcity","Veslloydnumber","Vesshpconf","Vesbowthrust","Vesnationality","Vesdatebuilt","Vescallsign","Vesofficalnumber"
2,1,"ZIM       ","Zim Jamaica                                       ",1,"0","0","0.00","0.00","0.00","                              ","                              ","                    ","                         ",0,"                              ",0,"                    ","                    "
3,2,"ZIM       ","Zim USA                                           ",1,"0","0","0.00","0.00","0.00","                              ","                              ","                    ","                         ",0,"                              ",0,"                    ","                    "
4,3,"ZIM       ","ZIM CANADA                                        ",1,"0","0","0.00","0.00","0.00","                              ","                              ","                    ","                         ",0,"                              ",0,"                    ","                    "
5,4,"ZIM       ","ZIM ASIA                                          ",1,"0","0","0.00","0.00","0.00","                              ","                              ","                    ","                         ",0,"                              ",0,"                    ","                    "
9,7,"ZA        ","ZIM ATLANTIC                                      ",0,"0","0","0.00","0.00","0.00","                              ","                              ","                    ","                         ",0,"                              ",0,"                    ","                    "
10,8,"ZP        ","Zim Panama                                        ",0,"0","0","0.00","0.00","0.00","                              ","                              ","                    ","                         ",0,"                              ",0,"                    ","                    "
12,9,"ZP        ","ZIM PACIFIC                                       ",0,"0","0","0.00","0.00","0.00","                              ","                              ","                    ","                         ",0,"                              ",0,"                    ","                    "
13,10,"ZE        ","ZIM EUROPA                                        ",0,"0","0","0.00","0.00","0.00","                              ","                              ","                    ","                         ",0,"                              ",0,"                    ","                    "
14,11,"ZIM       ","ZIM UNITED STATES                                 ",0,"0","0","0.00","0.00","0.00","                              ","                              ","                    ","                         ",0,"                              ",0,"                    ","                    "
15,12,"ZC        ","ZIM CHINA                                         ",0,"0","0","0.00","0.00","0.00","                              ","                              ","                    ","                         ",0,"                              ",0,"                    ","                    "
18,13,"ZV        ","ZIM VIRGINIA                                      ",0,"0","0","0.00","0.00","0.00","                              ","                              ","                    ","                         ",0,"                              ",0,"                    ","                    "
19,14,"ZNY       ","ZIM NEW YORK                                      ",0,"0","0","0.00","0.00","0.00","                              ","                              ","                    ","                         ",0,"                              ",0,"                    ","                    "
20,15,"SPM       ","ST.PETERSBURG MARINER                             ",0,"0","0","0.00","0.00","0.00","                              ","                              ","                    ","                         ",0,"                              ",0,"                    ","                    "
22,16,"          ","                                                  ",0,"0","0","0.00","0.00","0.00","                              ","                              ","                    ","                         ",0,"                              ",0,"                    ","                    "
27,17,"MED       ","ZIM MEDITERRANEAN                                 ",0,"0","0","0.00","0.00","0.00","                              ","                              ","                    ","                         ",0,"                              ",0,"                    ","                    "
30,18,"ZIM CAL   ","ZIM CALIFORNIA                                    ",0,"0","0","0.00","0.00","0.00","                              ","                              ","                    ","                         ",0,"                              ",0,"                    ","                    "
32,19,"ZIM       ","ZIM SHANGHAI                                      ",0,"0","0","0.00","0.00","0.00","                              ","                              ","                    ","                         ",0,"                              ",0,"                    ","                    "
33,20,"FL        ","ZIM FLORIDA                                       ",0,"0","0","0.00","0.00","0.00","                              ","                              ","                    ","                         ",0,"                              ",0,"                    ","                    "
34,21,"EQ        ","EL QUI                                            ",0,"0","0","0.00","0.00","0.00","                              ","                              ","                    ","                         ",0,"                              ",0,"                    ","                    "
35,22,"BC        ","ZIM BARCELONIA                                    ",0,"0","0","0.00","0.00","0.00","                              ","                              ","                    ","                         ",0,"                              ",0,"                    ","                    "
36,23,"ZIM       ","ZIM PIRAEUS                                       ",0,"0","0","0.00","0.00","0.00","                              ","                              ","                    ","                         ",0,"                              ",0,"                    ","                    "
38,24,"SZ        ","ZIM SHENZHEN                                      ",0,"0","0","0.00","0.00","0.00","                              ","                              ","                    ","                         ",0,"                              ",0,"                    ","                    "
40,25,"ZP        ","ZIM PUSAN                                         ",0,"0","0","0.00","0.00","0.00","                              ","                              ","                    ","                         ",0,"                              ",0,"                    ","                    "
41,26,"SF        ","SAM FELIPE                                        ",0,"0","0","0.00","0.00","0.00","                              ","                              ","                    ","                         ",0,"                              ",0,"                    ","                    "
42,27,"MOLA      ","MOL AMERICA                                       ",0,"0","0","0.00","0.00","0.00","                              ","                              ","                    ","                         ",0,"                              ",0,"                    ","                    "
43,28,"SAV       ","ZIM SAVANNAH                                      ",0,"0","0","0.00","0.00","0.00","                              ","                              ","                    ","                         ",0,"                              ",0,"                    ","                    "
44,29,"ZIM H     ","ZIM HAIFA                                         ",0,"0","0","0.00","0.00","0.00","                              ","                              ","                    ","                         ",0,"                              ",0,"                    ","                    "
45,30,"ZIM IB    ","ZIM IBENA                                         ",0,"0","0","0.00","0.00","0.00","                              ","                              ","                    ","                         ",0,"                              ",0,"                    ","                    "
46,31,"ZIM W     ","ZIM WASABORGH                                     ",0,"0","0","0.00","0.00","0.00","                              ","                              ","                    ","                         ",0,"                              ",0,"                    ","                    "
47,32,"ZIM SZ    ","ZIM SHANZAN                                       ",0,"0","0","0.00","0.00","0.00","                              ","                              ","                    ","                         ",0,"                              ",0,"                    ","                    "
48,33,"ZIM BENJ  ","ZIM BEIJING                                       ",0,"0","0","0.00","0.00","0.00","                              ","                              ","                    ","                         ",0,"                              ",0,"                    ","                    "
49,34,"HJ        ","Henrich J                                         ",0,"0","0","0.00","0.00","0.00","                              ","                              ","                    ","                         ",0,"                              ",0,"                    ","                    "
50,35,"ZIM BA    ","ZIM BUENOS AIRE                                   ",0,"0","0","0.00","0.00","0.00","                              ","                              ","                    ","                         ",0,"                              ",0,"                    ","                    "
51,36,"ZIM SP    ","ZIM SAO PAULO II                                  ",0,"0","0","0.00","0.00","0.00","                              ","                              ","                    ","                         ",0,"                              ",0,"                    ","                    "
52,37,"ZIM       ","ZIM BARCELONA                                     ",0,"0","0","0.00","0.00","0.00","                              ","                              ","                    ","                         ",0,"                              ",0,"                    ","                    "
53,38,"          ","                                                  ",0,"0","0","0.00","0.00","0.00","                              ","                              ","                    ","                         ",0,"                              ",0,"                    ","                    "
54,39,"VIC       ","VICTORY I                                         ",0,"0","0","0.00","0.00","0.00","                              ","                              ","                    ","                         ",0,"                              ",0,"                    ","                    "
56,40,"NA        ","NORASIA ALYA                                      ",0,"0","0","0.00","0.00","0.00","                              ","                              ","                    ","                         ",0,"                              ",0,"                    ","                    "
57,41,"SB        ","SEABOARD CARIBBEAN                                ",0,"0","0","0.00","0.00","0.00","                              ","                              ","                    ","                         ",0,"                              ",0,"                    ","                    "
58,42,"SBR       ","SEABOARD RIO HAINA                                ",0,"0","0","0.00","0.00","0.00","                              ","                              ","                    ","                         ",0,"                              ",0,"                    ","                    "
59,43,"ZIM X     ","ZIM XIAMEN                                        ",0,"0","0","0.00","0.00","0.00","                              ","                              ","                    ","                         ",0,"                              ",0,"                    ","                    "
60,44,"CM        ","CAMIRA                                            ",0,"0","0","0.00","0.00","0.00","                              ","                              ","                    ","                         ",0,"                              ",0,"                    ","                    "
61,45,"ZIM Q     ","ZIM QINGDAO                                       ",0,"0","0","0.00","0.00","0.00","                              ","                              ","                    ","                         ",0,"                              ",0,"                    ","                    "
62,46,"CMA       ","CMA CGM KINGFISH                                  ",0,"0","0","0.00","0.00","0.00","                              ","                              ","                    ","                         ",0,"                              ",0,"                    ","                    "
63,47,"HK        ","HERM KIEPE                                        ",0,"0","0","0.00","0.00","0.00","                              ","                              ","                    ","                         ",0,"                              ",0,"                    ","                    "
64,48,"STDB      ","STADT LUNEBURG                                    ",0,"0","0","0.00","0.00","0.00","                              ","                              ","                    ","                         ",0,"                              ",0,"                    ","                    "
65,49,"CMA2      ","CMA CGM AMERICA                                   ",0,"0","0","0.00","0.00","0.00","                              ","                              ","                    ","                         ",0,"                              ",0,"                    ","                    "
67,50,"SB        ","STADT BERLIN                                      ",0,"0","0","0.00","0.00","0.00","                              ","                              ","                    ","                         ",0,"                              ",0,"                    ","                    "
68,51,"HG        ","HANSA GRIEFSWALD                                  ",0,"0","0","0.00","0.00","0.00","                              ","                              ","                    ","                         ",0,"                              ",0,"                    ","                    "
70,53,"SEFN      ","STADT RENDSBURG                                   ",0,"0","0","0.00","0.00","0.00","                              ","                              ","                    ","                         ",0,"                              ",0,"                    ","                    "
71,54,"SS        ","SEABOARD SUN                                      ",0,"0","0","0.00","0.00","0.00","                              ","                              ","                    ","                         ",0,"                              ",0,"                    ","                    "
72,55,"SB R J    ","SEABOARD RIO JH                                   ",0,"0","0","0.00","0.00","0.00","                              ","                              ","                    ","                         ",0,"                              ",0,"                    ","                    "
73,56,"SEFN      ","ROTHORN                                           ",0,"0","0","0.00","0.00","0.00","                              ","                              ","                    ","                         ",0,"                              ",0,"                    ","                    "
74,57,"CMA  W SHA","CMA CGM WHITE SHARK                               ",0,"0","0","0.00","0.00","0.00","                              ","                              ","                    ","                         ",0,"                              ",0,"                    ","                    "
75,58,"EMS       ","EMSTAR                                            ",0,"0","0","0.00","0.00","0.00","                              ","                              ","                    ","                         ",0,"                              ",0,"                    ","                    "
76,59,"ORSO      ","ORSO                                              ",0,"0","0","0.00","0.00","0.00","                              ","                              ","                    ","                         ",0,"                              ",0,"                    ","                    "
77,60,"A FEED    ","AMERICA FEEDER                                    ",0,"0","0","0.00","0.00","0.00","                              ","                              ","                    ","                         ",0,"                              ",0,"                    ","                    "
78,61,"CL        ","CLIFF                                             ",0,"0","0","0.00","0.00","0.00","                              ","                              ","                    ","                         ",0,"                              ",0,"                    ","                    "
79,62,"SM        ","SUMMER MEADOW                                     ",0,"0","0","0.00","0.00","0.00","                              ","                              ","                    ","                         ",0,"                              ",0,"                    ","                    "
80,63,"H         ","HEINRICH                                          ",0,"0","0","0.00","0.00","0.00","                              ","                              ","                    ","                         ",0,"                              ",0,"                    ","                    "
83,64,"VA        ","VEGA AZURIT                                       ",0,"0","0","0.00","0.00","0.00","                              ","                              ","                    ","                         ",0,"                              ",0,"                    ","                    "
88,65,"SBV       ","SEABOARD VOYAGER                                  ",0,"0","0","0.00","0.00","0.00","                              ","                              ","                    ","                         ",0,"                              ",0,"                    ","                    "
94,66,"VN        ","VEGA NIKOLAS                                      ",0,"0","0","0.00","0.00","0.00","                              ","                              ","46S                 ","                         ",0,"                              ",0,"                    ","                    "
95,67,"H         ","HANESBURG                                         ",0,"0","0","0.00","0.00","0.00","                              ","                              ","                    ","                         ",0,"                              ",0,"                    ","                    "
96,68,"MT        ","MAAS TRADER                                       ",0,"0","0","0.00","0.00","0.00","                              ","                              ","                    ","                         ",0,"                              ",0,"                    ","                    "
98,69,"MP        ","MARFIET PROVENCE                                  ",0,"0","0","0.00","0.00","0.00","                              ","                              ","                    ","                         ",0,"                              ",0,"                    ","                    "
99,70,"CMA IG    ","CMA CGM IGUACU                                    ",0,"0","0","0.00","0.00","0.00","                              ","                              ","                    ","                         ",0,"                              ",0,"                    ","                    "
100,71,"VS        ","VEGA SATURN                                       ",0,"0","0","0.00","0.00","0.00","                              ","                              ","                    ","                         ",0,"                              ",0,"                    ","                    "
101,72,"ST.F      ","STADT FLENSBURG                                   ",0,"0","0","0.00","0.00","0.00","                              ","                              ","                    ","                         ",0,"                              ",0,"                    ","                    "
102,73,"STE       ","STADT EMDEN                                       ",0,"0","0","0.00","0.00","0.00","                              ","                              ","                    ","                         ",0,"                              ",0,"                    ","                    "
103,74,"CMA B     ","CMA CGM BAHIA                                     ",0,"0","0","0.00","0.00","0.00","                              ","                              ","                    ","                         ",0,"                              ",0,"                    ","                    "
104,75,"STR       ","STADT ROTENBURG                                   ",0,"0","0","0.00","0.00","0.00","                              ","                              ","                    ","                         ",0,"                              ",0,"                    ","                    "
105,76,"CMA D     ","CMA CGM DOLPHIN                                   ",0,"0","0","0.00","0.00","0.00","                              ","                              ","                    ","                         ",0,"                              ",0,"                    ","                    "
106,77,"CMA L     ","CMA CGM L`ETOILE                                  ",0,"0","0","0.00","0.00","0.00","                              ","                              ","                    ","                         ",0,"                              ",0,"                    ","                    "
107,78,"PV        ","PACIFIC VOYAGER                                   ",0,"0","0","0.00","0.00","0.00","                              ","                              ","                    ","                         ",0,"                              ",0,"                    ","                    "
108,79,"UNIC      ","UNI CONCORD                                       ",0,"0","0","0.00","0.00","0.00","                              ","                              ","                    ","                         ",0,"                              ",0,"                    ","                    "
110,80,"CMA F     ","CMA CGM FORTUNA                                   ",0,"0","0","0.00","0.00","0.00","                              ","                              ","                    ","                         ",0,"                              ",0,"                    ","                    "
111,81,"CMA ES    ","CMA CGM ESPERANZA                                 ",0,"0","0","0.00","0.00","0.00","                              ","                              ","                    ","                         ",0,"                              ",0,"                    ","                    "
112,82,"CON       ","CONRADS                                           ",0,"0","0","0.00","0.00","0.00","                              ","                              ","                    ","                         ",0,"                              ",0,"                    ","                    "
113,83,"CMA M     ","CMA CGM MATISSE                                   ",0,"0","0","0.00","0.00","0.00","                              ","                              ","                    ","                         ",0,"                              ",0,"                    ","                    "
114,84,"CMA Q     ","CMA CGM QINGDAO                                   ",0,"0","0","0.00","0.00","0.00","                              ","                              ","                    ","                         ",0,"                              ",0,"                    ","                    "
115,85,"CMA C     ","CMA CGM COMOE                                     ",0,"0","0","0.00","0.00","0.00","                              ","                              ","                    ","                         ",0,"                              ",0,"                    ","                    "
116,86,"V         ","VALENTINA                                         ",0,"0","0","0.00","0.00","0.00","                              ","                              ","                    ","                         ",0,"                              ",0,"                    ","                    "
117,87,"UC        ","UNI-CHART                                         ",0,"0","0","0.00","0.00","0.00","                              ","                              ","                    ","                         ",0,"                              ",0,"                    ","                    "
118,88,"CMA T     ","CMA CGM TOGO                                      ",0,"0","0","0.00","0.00","0.00","                              ","                              ","                    ","                         ",0,"                              ",0,"                    ","                    "
120,89,"VA        ","VEGA                                              ",0,"0","0","0.00","0.00","0.00","                              ","                              ","                    ","                         ",0,"                              ",0,"                    ","                    "
121,90,"LN        ","LIBRA NITEROI                                     ",0,"0","0","0.00","0.00","0.00","                              ","                              ","                    ","                         ",0,"                              ",0,"                    ","                    "
122,91,"LC        ","LIBRA CORCOVADO                                   ",0,"0","0","0.00","0.00","0.00","                              ","                              ","                    ","                         ",0,"                              ",0,"                    ","                    "
123,92,"LSC       ","LIBRA SANTA CATARINA                              ",0,"0","0","0.00","0.00","0.00","                              ","                              ","                    ","                         ",0,"                              ",0,"                    ","                    "
124,93,"ZBULL     ","ZIM ISTANBUL                                      ",0,"0","0","0.00","0.00","0.00","                              ","                              ","                    ","                         ",0,"                              ",0,"                    ","                    "
125,94,"H B       ","HAMMONIA BAVARIA                                  ",0,"0","0","0.00","0.00","0.00","                              ","                              ","                    ","                         ",0,"                              ",0,"                    ","                    "
127,96,"CS        ","CSAV SANTOS                                       ",0,"0","0","0.00","0.00","0.00","                              ","                              ","                    ","                         ",0,"                              ",0,"                    ","                    "
128,97,"CSAV      ","CSAV RIO LONTUE                                   ",0,"0","0","0.00","0.00","0.00","                              ","                              ","                    ","                         ",0,"                              ",0,"                    ","                    "
129,98,"CSA       ","CSAV LAJA                                         ",0,"0","0","0.00","0.00","0.00","                              ","                              ","                    ","                         ",0,"                              ",0,"                    ","                    "
130,99,"SBE       ","SEABOARD EXPRESS                                  ",0,"0","0","0.00","0.00","0.00","                              ","                              ","                    ","                         ",0,"                              ",0,"                    ","                    "
131,100,"CMA JAS   ","CMA CGM JASPER                                    ",0,"0","0","0.00","0.00","0.00","                              ","                              ","                    ","                         ",0,"                              ",0,"                    ","                    "
132,101,"SAN C     ","SANTA CATALINA                                    ",0,"0","0","0.00","0.00","0.00","                              ","                              ","                    ","                         ",0,"                              ",0,"                    ","                    "
135,102,"CSAV TOT  ","CSAV TOTORAL                                      ",0,"0","0","0.00","0.00","0.00","                              ","                              ","                    ","                         ",0,"                              ",0,"                    ","                    "
136,103,"KT        ","KATARINA S                                        ",0,"0","0","0.00","0.00","0.00","                              ","                              ","103                 ","                         ",0,"                              ",0,"                    ","                    "
137,104,"CMA L     ","CMA CGM LATOUR                                    ",0,"0","0","0.00","0.00","0.00","                              ","                              ","104                 ","                         ",0,"                              ",0,"                    ","                    "
138,105,"CSI       ","CSAV ITAJAI                                       ",0,"0","0","0.00","0.00","0.00","                              ","                              ","105                 ","                         ",0,"                              ",0,"                    ","                    "
140,106,"SBD       ","S.B.D Express                                     ",0,"0","0","0.00","0.00","0.00","                              ","                              ","106                 ","                         ",0,"                              ",0,"                    ","                    "
141,107,"WW        ","WEHR WESER                                        ",0,"0","0","0.00","0.00","0.00","                              ","                              ","                    ","                         ",0,"                              ",0,"                    ","                    "
142,108,"SBD.I     ","SBD INTREPID                                      ",0,"0","0","0.00","0.00","0.00","                              ","                              ","108                 ","                         ",0,"                              ",0,"                    ","                    "
143,109,"SEA.I     ","SEABOARD INTREPID                                 ",0,"0","0","0.00","0.00","0.00","                              ","                              ","109                 ","                         ",0,"                              ",0,"                    ","                    "
144,110,"CANTA     ","CANTA CATARINA                                    ",0,"0","0","0.00","0.00","0.00","                              ","                              ","110                 ","                         ",0,"                              ",0,"                    ","                    "
145,111,"SR        ","SHAMROCK                                          ",0,"0","0","0.00","0.00","0.00","                              ","                              ","                    ","                         ",0,"                              ",0,"                    ","                    "
147,112,"ALI       ","ALICANTA                                          ",0,"0","0","0.00","0.00","0.00","                              ","                              ","                    ","                         ",0,"                              ",0,"                    ","                    "
148,113,"CVI       ","COVE ISLAND                                       ",0,"0","0","0.00","0.00","0.00","                              ","                              ","                    ","                         ",0,"                              ",0,"                    ","                    "
149,114,"STM       ","STADT MUNCHEN                                     ",0,"0","0","0.00","0.00","0.00","                              ","                              ","                    ","                         ",0,"                              ",0,"                    ","                    "
150,115,"CFS       ","CFS PACORA                                        ",0,"0","0","0.00","0.00","0.00","                              ","                              ","                    ","                         ",0,"                              ",0,"                    ","                    "
151,116,"CSCL      ","CSCL MELBOURNE                                    ",0,"0","0","0.00","0.00","0.00","                              ","                              ","                    ","                         ",0,"                              ",0,"                    ","                    "
155,119,"AS        ","AS ALICANTIA                                      ",0,"0","0","0.00","0.00","0.00","                              ","                              ","                    ","                         ",0,"                              ",0,"                    ","                    "
156,120,"STADT F   ","STADT FREIBURG                                    ",0,"0","0","0.00","0.00","0.00","                              ","                              ","                    ","                         ",0,"                              ",0,"                    ","                    "
157,121,"SP        ","SPICA                                             ",0,"0","0","0.00","0.00","0.00","                              ","                              ","                    ","                         ",0,"                              ",0,"                    ","                    "
159,122,"ZIM SZ    ","ZIM SHEN ZHEN                                     ",0,"0","0","0.00","0.00","0.00","                              ","                              ","122                 ","                         ",0,"                              ",0,"                    ","                    "
160,123,"ZIM O     ","ZIM ONTARIO                                       ",0,"0","0","0.00","0.00","0.00","                              ","                              ","123                 ","                         ",0,"                              ",0,"                    ","                    "
161,124,"VEGA MAR  ","VEGA MARSHALL ISL                                 ",0,"0","0","0.00","0.00","0.00","                              ","                              ","124                 ","                         ",0,"                              ",0,"                    ","                    "
162,125,"CMA H     ","CMA CGM HOMERE                                    ",0,"0","0","0.00","0.00","0.00","                              ","                              ","125                 ","                         ",0,"                              ",0,"                    ","                    "
165,127,"EL        ","EL TORO                                           ",0,"0","0","0.00","0.00","0.00","                              ","                              ","127                 ","                         ",0,"                              ",0,"                    ","                    "
166,128,"VEGA SACH ","VEGA SACHSEN                                      ",0,"0","0","0.00","0.00","0.00","                              ","                              ","                    ","                         ",0,"                              ",0,"                    ","                    "
169,129,"HR        ","HUDSON RIVER                                      ",0,"0","0","0.00","0.00","0.00","                              ","                              ","129                 ","                         ",0,"                              ",0,"                    ","                    "
170,130,"STD BRE   ","STADT BREMEN                                      ",0,"0","0","0.00","0.00","0.00","                              ","                              ","                    ","                         ",0,"                              ",0,"                    ","                    "
171,131,"VT        ","VLIET TRADER                                      ",0,"0","0","0.00","0.00","0.00","                              ","                              ","                    ","                         ",0,"                              ",0,"                    ","                    "
172,132,"STADT G   ","STADT GERA                                        ",0,"0","0","0.00","0.00","0.00","                              ","                              ","132                 ","                         ",0,"                              ",0,"                    ","                    "
173,133,"HSS       ","HS SHUBERT                                        ",0,"0","0","0.00","0.00","0.00","                              ","                              ","133                 ","                         ",0,"                              ",0,"                    ","                    "
174,134,"PI        ","PACIFIC INTREPID                                  ",0,"0","0","0.00","0.00","0.00","                              ","                              ","                    ","                         ",0,"                              ",0,"                    ","                    "
175,135,"AR        ","ARGOS                                             ",0,"0","0","0.00","0.00","0.00","                              ","                              ","138                 ","                         ",0,"                              ",0,"                    ","                    "
176,136,"SBP       ","SEABOARD PACIFIC                                  ",0,"0","0","0.00","0.00","0.00","                              ","                              ","                    ","                         ",0,"                              ",0,"                    ","                    "
177,137,"HSS       ","HS SMETANA                                        ",0,"0","0","0.00","0.00","0.00","                              ","                              ","                    ","                         ",0,"                              ",0,"                    ","                    "
178,138,"ZIM SAN   ","ZIM SAN FRANCISCO                                 ",0,"0","0","0.00","0.00","0.00","                              ","                              ","138                 ","                         ",0,"                              ",0,"                    ","                    "
179,139,"SA        ","SAN ANTONIO                                       ",0,"0","0","0.00","0.00","0.00","                              ","                              ","                    ","                         ",0,"                              ",0,"                    ","                    "
180,140,"HG        ","HYUNDAI GRACE                                     ",0,"0","0","0.00","0.00","0.00","                              ","                              ","                    ","                         ",0,"                              ",0,"                    ","                    "
181,141,"RHL       ","RHL AGILITAS                                      ",0,"0","0","0.00","0.00","0.00","                              ","                              ","141                 ","                         ",0,"                              ",0,"                    ","                    "
183,142,"SBS       ","SEABOARD STAR                                     ",0,"0","0","0.00","0.00","0.00","                              ","                              ","142                 ","                         ",0,"                              ",0,"                    ","                    "
184,143,"AE        ","AUTUMN E                                          ",0,"0","0","0.00","0.00","0.00","                              ","                              ","143                 ","                         ",0,"                              ",0,"                    ","                    "
185,144,"LT        ","LINGE TRADER                                      ",0,"0","0","0.00","0.00","0.00","                              ","                              ","                    ","                         ",0,"                              ",0,"                    ","                    "
186,145,"CAP SA    ","CAP SAN ANTONIO                                   ",0,"0","0","0.00","0.00","0.00","                              ","                              ","                    ","                         ",0,"                              ",0,"                    ","                    "
187,146,"CS        ","CELINA STAR                                       ",0,"0","0","0.00","0.00","0.00","                              ","                              ","                    ","                         ",0,"                              ",0,"                    ","                    "
188,147,"OTT       ","OTTERHOUND                                        ",0,"0","0","0.00","0.00","0.00","                              ","                              ","                    ","                         ",0,"                              ",0,"                    ","                    "
189,148,"SBDC      ","SEABOARD COSTA RICA                               ",0,"0","0","0.00","0.00","0.00","                              ","                              ","148                 ","                         ",0,"                              ",0,"                    ","                    "
190,149,"WESTK     ","WESTERKADE                                        ",0,"0","0","0.00","0.00","0.00","                              ","                              ","149                 ","                         ",0,"                              ",0,"                    ","                    "
191,150,"CS        ","CONROD S                                          ",0,"0","0","0.00","0.00","0.00","                              ","                              ","                    ","                         ",0,"                              ",0,"                    ","                    "
192,151,"BF        ","BF IPANEMA                                        ",0,"0","0","0.00","0.00","0.00","                              ","                              ","151                 ","                         ",0,"                              ",0,"                    ","                    "
193,152,"VEGA S    ","VEGA SCORPIO                                      ",0,"0","0","0.00","0.00","0.00","                              ","                              ","152                 ","                         ",0,"                              ",0,"                    ","                    "
194,153,"ZIM I     ","ZIM INDIA                                         ",0,"0","0","0.00","0.00","0.00","                              ","                              ","153                 ","                         ",0,"                              ",0,"                    ","                    "
195,154,"LAURA     ","LAURA SCHULTE                                     ",0,"0","0","0.00","0.00","0.00","                              ","                              ","154                 ","                         ",0,"                              ",0,"                    ","                    "
196,155,"WW        ","WARNOW WHALE                                      ",0,"0","0","0.00","0.00","0.00","                              ","                              ","                    ","                         ",0,"                              ",0,"                    ","                    "
199,156,"CBS       ","CARIBBEAN SEA                                     ",0,"0","0","0.00","0.00","0.00","                              ","                              ","                    ","                         ",0,"                              ",0,"                    ","                    "
200,157,"ZIM YOKO  ","ZIM YOKOHAMA                                      ",0,"0","0","0.00","0.00","0.00","                              ","                              ","                    ","                         ",0,"                              ",0,"                    ","                    "
201,158,"RIO S     ","RIO STORAVE                                       ",0,"0","0","0.00","0.00","0.00","                              ","                              ","                    ","                         ",0,"                              ",0,"                    ","                    "
202,159,"AS M      ","ASIAN MOON                                        ",0,"0","0","0.00","0.00","0.00","                              ","                              ","                    ","                         ",0,"                              ",0,"                    ","                    "
203,160,"NW Y      ","NEW YORK TRADER                                   ",0,"0","0","0.00","0.00","0.00","                              ","                              ","                    ","                         ",0,"                              ",0,"                    ","                    "
204,161,"AUR       ","AURIGA J                                          ",0,"0","0","0.00","0.00","0.00","                              ","                              ","                    ","                         ",0,"                              ",0,"                    ","                    "
205,162,"HAN SA    ","HANSA KIRKENES                                    ",0,"0","0","0.00","0.00","0.00","                              ","                              ","                    ","                         ",0,"                              ",0,"                    ","                    "
206,163,"STD       ","STADT GOTHA                                       ",0,"0","0","0.00","0.00","0.00","                              ","                              ","                    ","                         ",0,"                              ",0,"                    ","                    "
208,165,"ZIM TX    ","ZIM TEXAS                                         ",0,"0","0","0.00","0.00","0.00","                              ","                              ","                    ","                         ",0,"                              ",0,"                    ","                    "
209,166,"RB        ","REPULSE BAY                                       ",0,"0","0","0.00","0.00","0.00","                              ","                              ","                    ","                         ",0,"                              ",0,"                    ","                    "
210,167,"VIL       ","VILANO                                            ",0,"0","0","0.00","0.00","0.00","                              ","                              ","                    ","                         ",0,"                              ",0,"                    ","                    "
211,168,"IS        ","ISLANDIA                                          ",0,"0","0","0.00","0.00","0.00","                              ","                              ","                    ","                         ",0,"                              ",0,"                    ","                    "
212,169,"ZIM CON   ","ZIM CONSTANZA                                     ",0,"0","0","0.00","0.00","0.00","                              ","                              ","                    ","                         ",0,"                              ",0,"                    ","                    "
213,170,"ANNA      ","ANNA SCHULTE                                      ",0,"0","0","0.00","0.00","0.00","                              ","                              ","                    ","                         ",0,"                              ",0,"                    ","                    "
214,171,"EM C      ","EM CORFU                                          ",0,"0","0","0.00","0.00","0.00","                              ","                              ","                    ","                         ",0,"                              ",0,"                    ","                    "
215,172,"JN        ","JONA                                              ",0,"0","0","0.00","0.00","0.00","                              ","                              ","                    ","                         ",0,"                              ",0,"                    ","                    "
216,173,"BT        ","BOSTON TRADER                                     ",0,"0","0","0.00","0.00","0.00","                              ","                              ","                    ","                         ",0,"                              ",0,"                    ","                    "
217,174,"SAN C     ","SANTA CATARINA                                    ",0,"0","0","0.00","0.00","0.00","                              ","                              ","                    ","                         ",0,"                              ",0,"                    ","                    "
218,175,"ZIM TAR   ","ZIM TARRAGONA                                     ",0,"0","0","0.00","0.00","0.00","                              ","                              ","                    ","                         ",0,"                              ",0,"                    ","                    "
219,176,"EVR       ","EVRIDIKI G                                        ",0,"0","0","0.00","0.00","0.00","                              ","                              ","                    ","                         ",0,"                              ",0,"                    ","                    "
220,177,"SHIP IS   ","SHIPPAN ISLAND                                    ",0,"0","0","0.00","0.00","0.00","                              ","                              ","                    ","                         ",0,"                              ",0,"                    ","                    "
221,178,"HAM POM   ","HAMMONIA POMERENIA                                ",0,"0","0","0.00","0.00","0.00","                              ","                              ","                    ","                         ",0,"                              ",0,"                    ","                    "
222,179,"SA RIT    ","SAITA RITA                                        ",0,"0","0","0.00","0.00","0.00","                              ","                              ","                    ","                         ",0,"                              ",0,"                    ","                    "
223,180,"ARI       ","ARIANA                                            ",0,"0","0","0.00","0.00","0.00","                              ","                              ","                    ","                         ",0,"                              ",0,"                    ","                    "
224,181,"ZM LUD    ","ZIM LUANDA                                        ",0,"0","0","0.00","0.00","0.00","                              ","                              ","                    ","                         ",0,"                              ",0,"                    ","                    "
225,182,"CAR STR   ","CARLOTTA STAR                                     ",0,"0","0","0.00","0.00","0.00","                              ","                              ","                    ","                         ",0,"                              ",0,"                    ","                    "
226,183,"ZIM RIO   ","ZIM RIO GRANDE                                    ",0,"0","0","0.00","0.00","0.00","                              ","                              ","                    ","                         ",0,"                              ",0,"                    ","                    "
227,184,"ZIM MON   ","ZIM MONOCA                                        ",0,"0","0","0.00","0.00","0.00","                              ","                              ","                    ","                         ",0,"                              ",0,"                    ","                    "
228,185,"TP        ","TEMP                                              ",0,"0","0","0.00","0.00","0.00","                              ","                              ","                    ","                         ",0,"                              ",0,"                    ","                    "
229,186,"MAS       ","MARIANNE SCHULTE                                  ",0,"0","0","0.00","0.00","0.00","                              ","                              ","                    ","                         ",0,"                              ",0,"                    ","                    "
230,187,"HSA       ","HANSA KRISTIANSAND                                ",0,"0","0","0.00","0.00","0.00","                              ","                              ","                    ","                         ",0,"                              ",0,"                    ","                    "
231,188,"ER CAL    ","ER CALAIS                                         ",0,"0","0","0.00","0.00","0.00","                              ","                              ","                    ","                         ",0,"                              ",0,"                    ","                    "
232,189,"BEL       ","BELLA SCHULTE                                     ",0,"0","0","0.00","0.00","0.00","                              ","                              ","                    ","                         ",0,"                              ",0,"                    ","                    "
233,190,"HAN       ","HANSA ARENDAL                                     ",0,"0","0","0.00","0.00","0.00","                              ","                              ","                    ","                         ",0,"                              ",0,"                    ","                    "
234,191,"E.R C     ","E.R. CALAIS                                       ",0,"0","0","0.00","0.00","0.00","                              ","                              ","                    ","                         ",0,"                              ",0,"                    ","                    "
235,192,"FRI ROS   ","FRISIA ROSTOCK                                    ",0,"0","0","0.00","0.00","0.00","                              ","                              ","                    ","                         ",0,"                              ",0,"                    ","                    "
236,193,"MS FAB    ","MSC FABIENNE                                      ",0,"0","0","0.00","0.00","0.00","                              ","                              ","                    ","                         ",0,"                              ",0,"                    ","                    "
237,194,"C D       ","CHARLES DIKENS                                    ",0,"0","0","0.00","0.00","0.00","                              ","                              ","                    ","                         ",0,"                              ",0,"                    ","                    "
238,195,"CSL       ","CAP SAN LORENZO                                   ",0,"0","0","0.00","0.00","0.00","                              ","                              ","                    ","                         ",0,"                              ",0,"                    ","                    "
239,196,"RIO T     ","RIO TAKU                                          ",0,"0","0","0.00","0.00","0.00","                              ","                              ","                    ","                         ",0,"                              ",0,"                    ","                    "
240,197,"GLU       ","GLUECKSBURG                                       ",0,"0","0","0.00","0.00","0.00","                              ","                              ","                    ","                         ",0,"                              ",0,"                    ","                    "
241,198,"H/H       ","HERMANN HESSE                                     ",0,"0","0","0.00","0.00","0.00","                              ","                              ","                    ","                         ",0,"                              ",0,"                    ","                    "
242,199,"ULF       ","ULF RITSCHER                                      ",0,"0","0","0.00","0.00","0.00","                              ","                              ","                    ","                         ",0,"                              ",0,"                    ","                    "
243,200,"ER NEST   ","ERNEST HEMINGWAY                                  ",0,"0","0","0.00","0.00","0.00","                              ","                              ","                    ","                         ",0,"                              ",0,"                    ","                    "
244,201,"B SCH     ","BODO SCHULTE                                      ",0,"0","0","0.00","0.00","0.00","                              ","                              ","                    ","                         ",0,"                              ",0,"                    ","                    "
246,202,"DS        ","DOVER STRAIT                                      ",0,"0","0","0.00","0.00","0.00","                              ","                              ","                    ","                         ",0,"                              ",0,"                    ","                    "
248,203,"MS FED    ","MSC FEDERICA                                      ",0,"0","0","0.00","0.00","0.00","                              ","                              ","                    ","                         ",0,"                              ",0,"                    ","                    "
249,204,"VZ        ","VEGA ZETA                                         ",0,"0","0","0.00","0.00","0.00","                              ","                              ","                    ","                         ",0,"                              ",0,"                    ","                    "
250,205,"FELI      ","NEFELI                                            ",0,"0","0","0.00","0.00","0.00","                              ","                              ","5                   ","                         ",0,"                              ",0,"                    ","                    "
251,206,"TPP       ","TEMP 2                                            ",0,"0","0","0.00","0.00","0.00","                              ","                              ","                    ","                         ",0,"                              ",0,"                    ","                    "
253,207,"GOEXPRESS ","GLASGOW EXPRESS                                   ",0,"0","0","0.00","0.00","0.00","                              ","                              ","                    ","                         ",0,"                              ",0,"                    ","                    "
254,208,"BJ        ","BOMAR JULIA                                       ",0,"0","0","0.00","0.00","0.00","                              ","                              ","                    ","                         ",0,"                              ",0,"                    ","                    "
255,209,"BH        ","BUXHARMONY                                        ",0,"0","0","0.00","0.00","0.00","                              ","                              ","                    ","                         ",0,"                              ",0,"                    ","                    "
256,210,"123       ","VIKING MERLIN                                     ",0,"0","0","0.00","0.00","0.00","                              ","                              ","                    ","                         ",0,"                              ",0,"                    ","                    "
257,211,"JU        ","JULIANA                                           ",0,"0","0","0.00","0.00","0.00","                              ","                              ","                    ","                         ",0,"                              ",0,"                    ","                    "
264,212,"S22       ","SEABOARD RANGER                                   ",0,"0","0","0.00","0.00","0.00","                              ","                              ","112                 ","                         ",0,"                              ",0,"                    ","                    "
266,213,"VEC       ","VECHT TRADER                                      ",0,"0","0","0.00","0.00","0.00","                              ","                              ","                    ","                         ",0,"                              ",0,"                    ","                    "
267,214,"          ","HASA MEERDURG                                     ",0,"0","0","0.00","0.00","0.00","                              ","                              ","                    ","                         ",0,"                              ",0,"                    ","                    "
268,215,"HM        ","HASA MEERSBURG                                    ",0,"0","0","0.00","0.00","0.00","                              ","                              ","                    ","                         ",0,"                              ",0,"                    ","                    "
269,216,"BOM       ","BOMAR JULIANA                                     ",0,"0","0","0.00","0.00","0.00","                              ","                              ","                    ","                         ",0,"                              ",0,"                    ","                    "
270,217,"HR        ","HANSA RONNEBURG                                   ",0,"0","0","0.00","0.00","0.00","                              ","                              ","V18                 ","                         ",0,"                              ",0,"                    ","                    "
271,218,"SC        ","STADT CADIZ                                       ",0,"0","0","0.00","0.00","0.00","                              ","                              ","                    ","                         ",0,"                              ",0,"                    ","                    "
273,219,"ZIM       ","ZIM UKRAYINA                                      ",0,"0","0","0.00","0.00","0.00","                              ","                              ","145                 ","                         ",0,"                              ",0,"                    ","                    "
274,220,"142       ","HANSA AUGSBURG                                    ",0,"0","0","0.00","0.00","0.00","                              ","                              ","                    ","                         ",0,"                              ",0,"                    ","                    "
275,221,"165       ","HANSA FREYBURG                                    ",0,"0","0","0.00","0.00","0.00","                              ","                              ","                    ","                         ",0,"                              ",0,"                    ","                    "
276,222,"656       ","DOLPHIN 11                                        ",0,"0","0","0.00","0.00","0.00","                              ","                              ","                    ","                         ",0,"                              ",0,"                    ","                    "
278,223,"3691      ","ZIM COLOMBO                                       ",0,"0","0","0.00","0.00","0.00","                              ","                              ","                    ","                         ",0,"                              ",0,"                    ","                    "
279,224,"369       ","AS FEDERICA                                       ",0,"0","0","0.00","0.00","0.00","                              ","                              ","                    ","                         ",0,"                              ",0,"                    ","                    "
280,225,"456       ","ZIM ONTARIO                                       ",0,"0","0","0.00","0.00","0.00","                              ","                              ","                    ","                         ",0,"                              ",0,"                    ","                    "
282,226,"ARIA      ","ARIAN                                             ",0,"0","0","0.00","0.00","0.00","                              ","                              ","                    ","                         ",0,"                              ",0,"                    ","                    "
283,227,"227       ","RIO THOMPSON                                      ",0,"0","0","0.00","0.00","0.00","                              ","                              ","                    ","                         ",0,"                              ",0,"                    ","                    "
284,228,"NH        ","NORTHAMPTON                                       ",0,"0","0","0.00","0.00","0.00","                              ","                              ","                    ","                         ",0,"                              ",0,"                    ","                    "
285,229,"ANT       ","ANTALA                                            ",0,"0","0","0.00","0.00","0.00","                              ","                              ","666666              ","                         ",0,"                              ",0,"                    ","                    "
286,230,"MAR       ","MARIVIA                                           ",0,"0","0","0.00","0.00","0.00","                              ","                              ","                    ","                         ",0,"                              ",0,"                    ","                    "
287,231,"365       ","BELLAVIA                                          ",0,"0","0","0.00","0.00","0.00","                              ","                              ","                    ","                         ",0,"                              ",0,"                    ","                    "
288,232,"124       ","CMA CGM FORT ST GEORGES                           ",0,"0","0","0.00","0.00","0.00","                              ","                              ","0030                ","                         ",0,"                              ",0,"                    ","                    "
289,233,"230       ","CMA CGM FORT ST PIERRE                            ",0,"0","0","0.00","0.00","0.00","                              ","                              ","                    ","                         ",0,"                              ",0,"                    ","                    "
290,234,"CSAV      ","CSAV LONCOMILLA                                   ",0,"0","0","0.00","0.00","0.00","                              ","                              ","                    ","                         ",0,"                              ",0,"                    ","                    "
291,235,"FRI INN   ","FRISIA INN                                        ",0,"0","0","0.00","0.00","0.00","                              ","                              ","                    ","                         ",0,"                              ",0,"                    ","                    "
292,236,"ST.MARIE  ","CMA CGM FORT ST.MARIE                             ",0,"0","0","0.00","0.00","0.00","                              ","                              ","                    ","                         ",0,"                              ",0,"                    ","                    "
293,237,"TT        ","TRINIDAD TRADER                                   ",0,"0","0","0.00","0.00","0.00","                              ","                              ","                    ","                         ",0,"                              ",0,"                    ","                    "
294,238,"V05       ","ASIAN SUN                                         ",0,"0","0","0.00","0.00","0.00","                              ","                              ","                    ","                         ",0,"                              ",0,"                    ","                    "
295,239,"TOT       ","TORONTO TRADER                                    ",0,"0","0","0.00","0.00","0.00","                              ","                              ","                    ","                         ",0,"                              ",0,"                    ","                    "
296,240,"FO        ","FOUMA                                             ",0,"0","0","0.00","0.00","0.00","                              ","                              ","                    ","                         ",0,"                              ",0,"                    ","                    "
297,241,"TAMT      ","TAMPA TRADER                                      ",0,"0","0","0.00","0.00","0.00","                              ","                              ","                    ","                         ",0,"                              ",0,"                    ","                    "
298,242,"856       ","CMA CGM SAMBHAR                                   ",0,"0","0","0.00","0.00","0.00","                              ","                              ","                    ","                         ",0,"                              ",0,"                    ","                    "
299,243,"          ","ZIM SAN FRANCISO                                  ",0,"0","0","0.00","0.00","0.00","                              ","                              ","                    ","                         ",0,"                              ",0,"                    ","                    "
300,244,"8963      ","CMA CGM FLORIDA                                   ",0,"0","0","0.00","0.00","0.00","                              ","                              ","                    ","                         ",0,"                              ",0,"                    ","                    "
301,245,"888       ","AENEAS                                            ",0,"0","0","0.00","0.00","0.00","                              ","                              ","                    ","                         ",0,"                              ",0,"                    ","                    "
302,246,"896       ","Conti Arabella 9                                  ",0,"0","0","0.00","0.00","0.00","                              ","                              ","                    ","                         ",0,"                              ",0,"                    ","                    "
303,247,"789       ","CONTI ARABELLA                                    ",0,"0","0","0.00","0.00","0.00","                              ","                              ","                    ","                         ",0,"                              ",0,"                    ","                    "
304,248,"365       ","CMA  CGM FORT ST .LOUIS                           ",0,"0","0","0.00","0.00","0.00","                              ","                              ","                    ","                         ",0,"                              ",0,"                    ","                    "
305,249,"895       ","DOLPHIN                                           ",0,"0","0","0.00","0.00","0.00","                              ","                              ","                    ","                         ",0,"                              ",0,"                    ","                    "
306,250,"8987      ","WEHROSTE                                          ",0,"0","0","0.00","0.00","0.00","                              ","                              ","                    ","                         ",0,"                              ",0,"                    ","                    "
307,251,"8778      ","CONTI ELEKTRA                                     ",0,"0","0","0.00","0.00","0.00","                              ","                              ","                    ","                         ",0,"                              ",0,"                    ","                    "
308,252,"2255      ","TAMMO                                             ",0,"0","0","0.00","0.00","0.00","                              ","                              ","                    ","                         ",0,"                              ",0,"                    ","                    "
309,253,"789       ","CONTI ARABELLA 11                                 ",0,"0","0","0.00","0.00","0.00","                              ","                              ","                    ","                         ",0,"                              ",0,"                    ","                    "
310,254,"876       ","ARABELLAS 115                                     ",0,"0","0","0.00","0.00","0.00","                              ","                              ","                    ","                         ",0,"                              ",0,"                    ","                    "
311,255,"886       ","CONTI ELECTRA 6                                   ",0,"0","0","0.00","0.00","0.00","                              ","                              ","                    ","                         ",0,"                              ",0,"                    ","                    "
312,256,"250       ","BOMAR REGENT 4S                                   ",0,"0","0","0.00","0.00","0.00","                              ","                              ","                    ","                         ",0,"                              ",0,"                    ","                    "
313,257,"225       ","BOMAR REGENT                                      ",0,"0","0","0.00","0.00","0.00","                              ","                              ","                    ","                         ",0,"                              ",0,"                    ","                    "
315,258,"JAN       ","JAN                                               ",0,"0","0","0.00","0.00","0.00","                              ","                              ","                    ","                         ",0,"                              ",0,"                    ","                    "
316,259,"887       ","MOEN ISLAND                                       ",0,"0","0","0.00","0.00","0.00","                              ","                              ","                    ","                         ",0,"                              ",0,"                    ","                    "
317,260,"455       ","ARABELLA                                          ",0,"0","0","0.00","0.00","0.00","                              ","                              ","                    ","                         ",0,"                              ",0,"                    ","                    "
318,261,"001       ","LIVERPOOL EXPRESS                                 ",0,"0","0","0.00","0.00","0.00","                              ","                              ","                    ","                         ",0,"                              ",0,"                    ","                    "
319,262,"003       ","SPIRIT OF HUMBURG                                 ",0,"0","0","0.00","0.00","0.00","                              ","                              ","                    ","                         ",0,"                              ",0,"                    ","                    "
320,263,"225       ","SAN CHRISTOBAL                                    ",0,"0","0","0.00","0.00","0.00","                              ","                              ","                    ","                         ",0,"                              ",0,"                    ","                    "
321,264,"333       ","RIO THELON                                        ",0,"0","0","0.00","0.00","0.00","                              ","                              ","                    ","                         ",0,"                              ",0,"                    ","                    "
322,265,"119       ","HANSA FREYBURG 34                                 ",0,"0","0","0.00","0.00","0.00","                              ","                              ","                    ","                         ",0,"                              ",0,"                    ","                    "
323,266,"CFS       ","CFS PACENO                                        ",0,"0","0","0.00","0.00","0.00","                              ","                              ","                    ","                         ",0,"                              ",0,"                    ","                    "
324,267,"2336      ","PACON                                             ",0,"0","0","0.00","0.00","0.00","                              ","                              ","                    ","                         ",0,"                              ",0,"                    ","                    "
325,268,"222585    ","OCTAVIA                                           ",0,"0","0","0.00","0.00","0.00","                              ","                              ","                    ","                         ",0,"                              ",0,"                    ","                    "
326,269,"12599     ","MERCS  JAFFNA                                     ",0,"0","0","0.00","0.00","0.00","                              ","                              ","                    ","                         ",0,"                              ",0,"                    ","                    "
327,270,"1123      ","CONTI EVEREST                                     ",0,"0","0","0.00","0.00","0.00","                              ","                              ","098                 ","                         ",0,"                              ",0,"                    ","                    "
328,271,"222       ","CONTI ELEKTRA 11                                  ",0,"0","0","0.00","0.00","0.00","                              ","                              ","                    ","                         ",0,"                              ",0,"                    ","                    "
329,272,"022       ","DUBLIN EXPRESS                                    ",0,"0","0","0.00","0.00","0.00","                              ","                              ","000                 ","                         ",0,"                              ",0,"                    ","                    "
330,273,"908       ","AS FIORELLA                                       ",0,"0","0","0.00","0.00","0.00","                              ","                              ","                    ","                         ",0,"                              ",0,"                    ","                    "
333,274,"987       ","WEISSHORN                                         ",0,"0","0","0.00","0.00","0.00","                              ","                              ","098                 ","                         ",0,"                              ",0,"                    ","                    "
334,275,"MSC L     ","MSC LUISA                                         ",0,"0","0","0.00","0.00","0.00","                              ","                              ","                    ","                         ",0,"                              ",0,"                    ","                    "
335,276,"MSC AL    ","MSC ALABAMA                                       ",0,"0","0","0.00","0.00","0.00","                              ","                              ","                    ","                         ",0,"                              ",0,"                    ","                    "
336,277,"2526      ","VEGA SAGITTARIUS                                  ",0,"0","0","0.00","0.00","0.00","                              ","                              ","                    ","                         ",0,"                              ",0,"                    ","                    "
337,278,"125       ","ZIM ANTWERP                                       ",0,"0","0","0.00","0.00","0.00","                              ","                              ","987                 ","                         ",0,"                              ",0,"                    ","                    "
338,279,"112       ","HAMBURG BAY                                       ",0,"0","0","0.00","0.00","0.00","                              ","                              ","258                 ","                         ",0,"                              ",0,"                    ","                    "
339,280,"099       ","ZIM NINGBO                                        ",0,"0","0","0.00","0.00","0.00","                              ","                              ","099                 ","                         ",0,"                              ",0,"                    ","                    "
340,281,"098       ","VARAMO                                            ",0,"0","0","0.00","0.00","0.00","                              ","                              ","098                 ","                         ",0,"                              ",0,"                    ","                    "
341,282,"187       ","REGULA                                            ",0,"0","0","0.00","0.00","0.00","                              ","                              ","187                 ","                         ",0,"                              ",0,"                    ","                    "
342,283,"0005      ","MSC TAMARA                                        ",0,"0","0","0.00","0.00","0.00","                              ","                              ","555                 ","                         ",0,"                              ",0,"                    ","                    "
343,284,"789       ","BOMAR RESILIENT                                   ",0,"0","0","0.00","0.00","0.00","                              ","                              ","789                 ","                         ",0,"                              ",0,"                    ","                    "
344,285,"          ","                                                  ",0,"0","0","0.00","0.00","0.00","                              ","                              ","                    ","                         ",0,"                              ",0,"                    ","                    "
345,286,"789       ","Carolina Star                                     ",0,"0","0","0.00","0.00","0.00","                              ","                              ","229                 ","                         ",0,"                              ",0,"                    ","                    "
348,287,"3178      ","PORTO                                             ",0,"0","0","0.00","0.00","0.00","                              ","                              ","                    ","                         ",0,"                              ",0,"                    ","                    "
349,288,"23177     ","AS ANGELINA 22                                    ",0,"0","0","0.00","0.00","0.00","                              ","                              ","                    ","                         ",0,"                              ",0,"                    ","                    "
350,289,"455       ","AS ANGELINA                                       ",0,"0","0","0.00","0.00","0.00","                              ","                              ","                    ","                         ",0,"                              ",0,"                    ","                    "
351,290,"345       ","HANNAH SCHULTE                                    ",0,"0","0","0.00","0.00","0.00","                              ","                              ","                    ","                         ",0,"                              ",0,"                    ","                    "
352,291,"453       ","ASIATIC WIND                                      ",0,"0","0","0.00","0.00","0.00","                              ","                              ","                    ","                         ",0,"                              ",0,"                    ","                    "
353,292,"HOEGH CAR ","HOEGH CARIBIA                                     ",0,"0","0","0.00","0.00","0.00","                              ","                              ","212                 ","                         ",0,"                              ",0,"                    ","                    "
354,293,"8876      ","POLYNESIA                                         ",0,"0","0","0.00","0.00","0.00","                              ","                              ","                    ","                         ",0,"                              ",0,"                    ","                    "
355,294,"55432     ","E R TIANPING                                      ",0,"0","0","0.00","0.00","0.00","                              ","                              ","                    ","                         ",0,"                              ",0,"                    ","                    "
356,295,"09        ","LENA                                              ",0,"0","0","0.00","0.00","0.00","                              ","                              ","09                  ","                         ",0,"                              ",0,"                    ","                    "
357,296,"ASKLIPIOS ","786                                               ",0,"0","0","0.00","0.00","0.00","                              ","                              ","                    ","                         ",0,"                              ",0,"                    ","                    "
358,297,"4532      ","ASKLIPIOS                                         ",0,"0","0","0.00","0.00","0.00","                              ","                              ","                    ","                         ",0,"                              ",0,"                    ","                    "
359,298,"PAR       ","PARSIFAL                                          ",0,"0","0","0.00","0.00","0.00","                              ","                              ","PAR                 ","                         ",0,"                              ",0,"                    ","                    "
360,299,"003       ","HYUNDAI MERCURY                                   ",0,"0","0","0.00","0.00","0.00","                              ","                              ","555                 ","                         ",0,"                              ",0,"                    ","                    "
361,300,"ARS       ","ARSOS                                             ",0,"0","0","0.00","0.00","0.00","                              ","                              ","AR1                 ","                         ",0,"                              ",0,"                    ","                    "
362,301,"111       ","ZIM CHICAGO                                       ",0,"0","0","0.00","0.00","0.00","                              ","                              ","301                 ","                         ",0,"                              ",0,"                    ","                    "
363,302,"AS        ","AS FELICIA                                        ",0,"0","0","0.00","0.00","0.00","                              ","                              ","134                 ","                         ",0,"                              ",0,"                    ","                    "
364,303,"          ","LILLY SCHLUTE                                     ",0,"0","0","0.00","0.00","0.00","                              ","                              ","                    ","                         ",0,"                              ",0,"                    ","                    "
365,304,"          ","MARGARITA                                         ",0,"0","0","0.00","0.00","0.00","                              ","                              ","                    ","                         ",0,"                              ",0,"                    ","                    "
366,305,"CPM       ","CAPE MARTIN                                       ",0,"0","0","0.00","0.00","0.00","                              ","                              ","CPM001              ","                         ",0,"                              ",0,"                    ","                    "
367,306,"          ","SAN AMERIGO                                       ",0,"0","0","0.00","0.00","0.00","                              ","                              ","                    ","                         ",0,"                              ",0,"                    ","                    "
368,307,"338       ","CONSTANTINS                                       ",0,"0","0","0.00","0.00","0.00","                              ","                              ","                    ","                         ",0,"                              ",0,"                    ","                    "
369,308,"7778      ","CONSTANTIN S                                      ",0,"0","0","0.00","0.00","0.00","                              ","                              ","                    ","                         ",0,"                              ",0,"                    ","                    "
370,309,"78        ","AS FABIANA                                        ",0,"0","0","0.00","0.00","0.00","                              ","                              ","                    ","                         ",0,"                              ",0,"                    ","                    "
371,310,"765       ","SAN AMENGO                                        ",0,"0","0","0.00","0.00","0.00","                              ","                              ","                    ","                         ",0,"                              ",0,"                    ","                    "
372,311,"141       ","AS PALINA                                         ",0,"0","0","0.00","0.00","0.00","                              ","                              ","                    ","                         ",0,"                              ",0,"                    ","                    "
373,312,"4460      ","FABIANA V OUAOFSIMA                               ",0,"0","0","0.00","0.00","0.00","                              ","                              ","                    ","                         ",0,"                              ",0,"                    ","                    "
374,313,"CMA CGM MS","CMA CGM MISSOURI                                  ",0,"0","0","0.00","0.00","0.00","                              ","                              ","                    ","                         ",0,"                              ",0,"                    ","                    "
375,314,"65700     ","AS PAULINA                                        ",0,"0","0","0.00","0.00","0.00","                              ","                              ","                    ","                         ",0,"                              ",0,"                    ","                    "
376,315,"7676      ","E.R TIANPING                                      ",0,"0","0","0.00","0.00","0.00","                              ","                              ","                    ","                         ",0,"                              ",0,"                    ","                    "
377,316,"6650      ","AMERICA                                           ",0,"0","0","0.00","0.00","0.00","                              ","                              ","                    ","                         ",0,"                              ",0,"                    ","                    "
378,317,"99998     ","CAPE AKRITAS                                      ",0,"0","0","0.00","0.00","0.00","                              ","                              ","                    ","                         ",0,"                              ",0,"                    ","                    "
379,318,"COSCO     ","COSCO NINGBO                                      ",0,"0","0","0.00","0.00","0.00","                              ","                              ","                    ","                         ",0,"                              ",0,"                    ","                    "
380,319,"6667      ","ZIM ROTTERDAM                                     ",0,"0","0","0.00","0.00","0.00","                              ","                              ","                    ","                         ",0,"                              ",0,"                    ","                    "
381,320,"R55       ","ZIM DJIBOUTI                                      ",0,"0","0","0.00","0.00","0.00","                              ","                              ","                    ","                         ",0,"                              ",0,"                    ","                    "
382,321,"776511    ","ER TIANPING                                       ",0,"0","0","0.00","0.00","0.00","                              ","                              ","                    ","                         ",0,"                              ",0,"                    ","                    "
383,322,"10-10-18  ","EMS TRADER                                        ",0,"0","0","0.00","0.00","0.00","                              ","                              ","                    ","                         ",0,"                              ",0,"                    ","                    "
385,323,"77659     ","AS FLORETTA                                       ",0,"0","0","0.00","0.00","0.00","                              ","                              ","                    ","                         ",0,"                              ",0,"                    ","                    "
386,324,"5666      ","ERATO                                             ",0,"0","0","0.00","0.00","0.00","                              ","                              ","                    ","                         ",0,"                              ",0,"                    ","                    "
387,325,"66T1      ","JENNIFER SCHEPERS                                 ",0,"0","0","0.00","0.00","0.00","                              ","                              ","                    ","                         ",0,"                              ",0,"                    ","                    "
388,326,"00232     ","AS ANGELINA 42                                    ",0,"0","0","0.00","0.00","0.00","                              ","                              ","                    ","                         ",0,"                              ",0,"                    ","                    "
390,327,"6667      ","AUSTRAL                                           ",0,"0","0","0.00","0.00","0.00","                              ","                              ","                    ","                         ",0,"                              ",0,"                    ","                    "
391,328,"9998      ","BOMAR CALAIS                                      ",0,"0","0","0.00","0.00","0.00","                              ","                              ","                    ","                         ",0,"                              ",0,"                    ","                    "
392,329,"ARK       ","ARKADIA                                           ",0,"0","0","0.00","0.00","0.00","                              ","                              ","AA                  ","                         ",0,"                              ",0,"                    ","                    "
393,330,"HAY       ","HAYDN                                             ",0,"0","0","0.00","0.00","0.00","                              ","                              ","                    ","                         ",0,"                              ",0,"                    ","                    "
394,331,"65        ","CMA CGM FORT ST LOUIS                             ",0,"0","0","0.00","0.00","0.00","                              ","                              ","                    ","                         ",0,"                              ",0,"                    ","                    "
395,332,"567       ","JAMILA                                            ",0,"0","0","0.00","0.00","0.00","                              ","                              ","                    ","                         ",0,"                              ",0,"                    ","                    "
396,333,"5554      ","CONTSHIP ICE                                      ",0,"0","0","0.00","0.00","0.00","                              ","                              ","                    ","                         ",0,"                              ",0,"                    ","                    "
